,trait.name,T,trait,ref,trait2,trait2.name,specie,parasite
1,pdr,23,0.066666667,Eling et al 2001,NA,NA,An. stephensi,P. falciparum
2,pdr,26,0.090909091,Eling et al 2001,NA,NA,An. stephensi,P. falciparum
3,pdr,28,0.111111111,Eling et al 2001,NA,NA,An. stephensi,P. falciparum
4,pdr,21.1,0.071428571,Siddons 1944,NA,NA,An. culicifacies,P. malariae
5,pdr,26.7,0.083333333,Siddons 1944,NA,NA,An. culicifacies,P. malariae
6,pdr,25,0.1,Shute and Maryon 1952,NA,NA,An. maculipennies,P. malariae
7,pdr,21.1,0.071428571,Knowles and Basu 1943,NA,NA,An. stephensi,P. malariae
8,pdr,26.7,0.1,Knowles and Basu 1943,NA,NA,An. stephensi,P. malariae
9,pdr,32.2,0.111111111,Knowles and Basu 1943,NA,NA,An. stephensi,P. malariae
10,pdr,27,0.076923077,Vaughan et al 1992,NA,NA,An. gambiae,P. falciparum
11,pdr,22,0.045454545,Boyd and Stratman-Thomas 1933,NA,NA,An. quadrimaculatus,P. malariae
12,pdr,15.3,0,Siddons 1944,NA,NA,An. culicifacies,P. malariae
13,pdr,34.4,0,Siddons 1944,NA,NA,An. culicifacies,P. malariae
14,pdr,28.1,0.103603,Thomas et al. 2018,NA,NA,An. stephensi,P. falciparum
15,pdr,28.8,0.106357,Thomas et al. 2018,NA,NA,An. stephensi,P. falciparum
16,pdr,30,0.108385,Thomas et al. 2018,NA,NA,An. stephensi,P. falciparum
17,pdr,32,0.100023,Thomas et al. 2018,NA,NA,An. stephensi,P. falciparum
18,pdr,32.6,0.092359,Thomas et al. 2018,NA,NA,An. stephensi,P. falciparum
19,pdr,24,0.07142857,Poveda et al. 2008,NA,NA,An. albimanus,P. falciparum
20,pdr,26,0.09708738,Poveda et al. 2008,NA,NA,An. albimanus,P. falciparum
21,pdr,28,0.10638298,Poveda et al. 2008,NA,NA,An. albimanus,P. falciparum
22,pdr,30,0.10752688,Poveda et al. 2008,NA,NA,An. albimanus,P. falciparum
23,pdr,28.1,0.116064,Thomas et al. 2018,NA,NA,An. stephensi,P. vivax
24,pdr,28.8,0.11771,Thomas et al. 2018,NA,NA,An. stephensi,P. vivax
25,pdr,30,0.117597,Thomas et al. 2018,NA,NA,An. stephensi,P. vivax
26,pdr,32,0.101173,Thomas et al. 2018,NA,NA,An. stephensi,P. vivax
27,pdr,32.6,0.084844,Thomas et al. 2018,NA,NA,An. stephensi,P. vivax
28,pdr,25.9,0.1,Boyd 1932,NA,NA,An. quadrimaculatus,P. vivax
29,pdr,24.8,0.090909091,Boyd 1932,NA,NA,An. quadrimaculatus,P. vivax
30,pdr,22.9,0.076923077,Boyd 1932,NA,NA,An. quadrimaculatus,P. vivax
31,pdr,22.4,0.071428571,Boyd 1932,NA,NA,An. quadrimaculatus,P. vivax
32,pdr,22.1,0.0625,Boyd 1932,NA,NA,An. quadrimaculatus,P. vivax
33,pdr,21.7,0.058823529,Boyd 1932,NA,NA,An. quadrimaculatus,P. vivax
34,pdr,20.2,0.052631579,Boyd 1932,NA,NA,An. quadrimaculatus,P. vivax
35,pdr,20.5,0.047619048,Boyd 1932,NA,NA,An. quadrimaculatus,P. vivax
36,pdr,21,0.071428571,Shapiro et al. 2017,NA,NA,An. stephensi,P. falciparum
37,pdr,24,0.088495575,Shapiro et al. 2017,NA,NA,An. stephensi,P. falciparum
38,pdr,27,0.091743119,Shapiro et al. 2017,NA,NA,An. stephensi,P. falciparum
39,pdr,30,0.120481928,Shapiro et al. 2017,NA,NA,An. stephensi,P. falciparum
40,pdr,32,0.12987013,Shapiro et al. 2017,NA,NA,An. stephensi,P. falciparum
41,pdr,34,0.142857143,Shapiro et al. 2017,NA,NA,An. stephensi,P. falciparum
42,pdr,21,0.062111801,Shapiro et al. 2017,NA,NA,An. stephensi,P. falciparum
43,pdr,24,0.085470085,Shapiro et al. 2017,NA,NA,An. stephensi,P. falciparum
44,pdr,27,0.096153846,Shapiro et al. 2017,NA,NA,An. stephensi,P. falciparum
45,pdr,30,0.120481928,Shapiro et al. 2017,NA,NA,An. stephensi,P. falciparum
46,pdr,32,0.12987013,Shapiro et al. 2017,NA,NA,An. stephensi,P. falciparum
47,pdr,34,0.142857143,Shapiro et al. 2017,NA,NA,An. stephensi,P. falciparum
48,pdr,22,0.07692308,Paaijmans et al. 2013,NA,NA,An. stephensi,P. yoelii
49,pdr,24,0.09090909,Paaijmans et al. 2013,NA,NA,An. stephensi,P. yoelii
50,pdr,26,0.125,Paaijmans et al. 2013,NA,NA,An. stephensi,P. yoelii
51,pdr,7,0,Stratman-Thomas 1940,NA,NA,An. quadrimaculatus,P. vivax
52,pdr,15.5,0,Stratman-Thomas 1940,NA,NA,An. quadrimaculatus,P. vivax
53,pdr,16,0.02631579,Stratman-Thomas 1940,NA,NA,An. quadrimaculatus,P. vivax
54,pdr,22.5,0.07142857,Stratman-Thomas 1940,NA,NA,An. quadrimaculatus,P. vivax
55,pdr,23.5,0.083333,Stratman-Thomas 1940,NA,NA,An. quadrimaculatus,P. vivax
56,pdr,26,0.1,Stratman-Thomas 1940,NA,NA,An. quadrimaculatus,P. vivax
57,pdr,28,0.125,Stratman-Thomas 1940,NA,NA,An. quadrimaculatus,P. vivax
58,pdr,30,0.125,Stratman-Thomas 1940,NA,NA,An. quadrimaculatus,P. vivax
59,pdr,32,0,Stratman-Thomas 1940,NA,NA,An. quadrimaculatus,P. vivax
60,pdr,37.5,0,Stratman-Thomas 1940,NA,NA,An. quadrimaculatus,P. vivax
61,pdr,20,0.04950495,Paaijmans et al. 2011,NA,NA,An. stephensi,P. yoelii
62,pdr,22,0.084033613,Paaijmans et al. 2011,NA,NA,An. stephensi,P. yoelii
63,pdr,24,0.106382979,Paaijmans et al. 2011,NA,NA,An. stephensi,P. yoelii
64,pdr,26,0.125,Paaijmans et al. 2011,NA,NA,An. stephensi,P. yoelii
65,pdr,20.89,0.07194245,Afrane et al. 2008,NA,NA,An. gambiae,P. falciparum
66,pdr,22.13,0.07751938,Afrane et al. 2008,NA,NA,An. gambiae,P. falciparum
67,pdr,23.9,0.0851638,Afrane et al. 2008,NA,NA,An. gambiae,P. falciparum
68,pdr,16.5,0.033333,Waite et al. 2019,NA,NA,An. stephensi,P. falciparum
69,pdr,17,0.0263158,Waite et al. 2020,NA,NA,An. stephensi,P. falciparum
70,pdr,18,0.030303,Waite et al. 2021,NA,NA,An. stephensi,P. falciparum
71,pdr,18.5,0.037037,Waite et al. 2022,NA,NA,An. stephensi,P. falciparum
72,pdr,20,0.0384615,Waite et al. 2023,NA,NA,An. stephensi,P. falciparum
73,pdr,17,0.0232558,Waite et al. 2024,NA,NA,An. gambiae,P. falciparum
74,pdr,19,0.034483,Waite et al. 2025,NA,NA,An. gambiae,P. falciparum
75,pdr,19.5,0.04,Waite et al. 2026,NA,NA,An. gambiae,P. falciparum
76,e2a,16,0,Bayoh and Lindsay 2003,NA,NA,An. gambiae,
77,e2a,18,0.42,Bayoh and Lindsay 2003,NA,NA,An. gambiae,
78,e2a,20,0.7,Bayoh and Lindsay 2003,NA,NA,An. gambiae,
79,e2a,22,0.76,Bayoh and Lindsay 2003,NA,NA,An. gambiae,
80,e2a,24,0.787,Bayoh and Lindsay 2003,NA,NA,An. gambiae,
81,e2a,26,0.727,Bayoh and Lindsay 2003,NA,NA,An. gambiae,
82,e2a,28,0.66,Bayoh and Lindsay 2003,NA,NA,An. gambiae,
83,e2a,30,0.273,Bayoh and Lindsay 2003,NA,NA,An. gambiae,
84,e2a,32,0.347,Bayoh and Lindsay 2003,NA,NA,An. gambiae,
85,e2a,34,0,Bayoh and Lindsay 2003,NA,NA,An. gambiae,
86,e2a,15,0,Lyons et al. 2013,NA,NA,An. arabiensis,
87,e2a,18,0.157,Lyons et al. 2013,NA,NA,An. arabiensis,
88,e2a,20,0.591,Lyons et al. 2013,NA,NA,An. arabiensis,
89,e2a,22,0.649,Lyons et al. 2013,NA,NA,An. arabiensis,
90,e2a,25,0.68,Lyons et al. 2013,NA,NA,An. arabiensis,
91,e2a,28,0.668,Lyons et al. 2013,NA,NA,An. arabiensis,
92,e2a,30,0.673,Lyons et al. 2013,NA,NA,An. arabiensis,
93,e2a,32,0.729,Lyons et al. 2013,NA,NA,An. arabiensis,
94,e2a,35,0,Lyons et al. 2013,NA,NA,An. funestus,
95,e2a,15,0,Lyons et al. 2013,NA,NA,An. funestus,
96,e2a,18,0.109,Lyons et al. 2013,NA,NA,An. funestus,
97,e2a,20,0.353,Lyons et al. 2013,NA,NA,An. funestus,
98,e2a,22,0.392,Lyons et al. 2013,NA,NA,An. funestus,
99,e2a,25,0.598,Lyons et al. 2013,NA,NA,An. funestus,
100,e2a,28,0.489,Lyons et al. 2013,NA,NA,An. funestus,
101,e2a,32,0.368,Lyons et al. 2013,NA,NA,An. funestus,
102,e2a,35,0,Lyons et al. 2013,NA,NA,An. funestus,
103,e2a,25,0.8,Kirby and Lindsay 2009,NA,NA,An. gambiae,
104,e2a,30,0.5,Kirby and Lindsay 2009,NA,NA,An. gambiae,
105,e2a,35,0.071428,Kirby and Lindsay 2009,NA,NA,An. gambiae,
106,e2a,25,0.6857,Kirby and Lindsay 2009,NA,NA,An. arabiensis,
107,e2a,30,0.5692,Kirby and Lindsay 2009,NA,NA,An. arabiensis,
108,e2a,35,0.3384,Kirby and Lindsay 2009,NA,NA,An. arabiensis,
109,e2a,27,0.78,Murdock et al. 2016,NA,NA,An. gambiae,
110,e2a,30,0.6,Murdock et al. 2016,NA,NA,An. gambiae,
111,e2a,33,0.25,Murdock et al. 2016,NA,NA,An. gambiae,
112,e2a,27,0.93,Murdock et al. 2016,NA,NA,An. stephensi,
113,e2a,30,0.825,Murdock et al. 2016,NA,NA,An. stephensi,
114,e2a,33,0.825,Murdock et al. 2016,NA,NA,An. stephensi,
115,e2a,18.5,0.09,Afrane et al. 2007,NA,NA,An. arabiensis,
116,e2a,19.8,0.04,Afrane et al. 2007,NA,NA,An. arabiensis,
117,e2a,24.6,0.6,Afrane et al. 2007,NA,NA,An. arabiensis,
118,e2a,24.9,0.69,Afrane et al. 2007,NA,NA,An. arabiensis,
119,e2a,27.5,0.87,Afrane et al. 2007,NA,NA,An. arabiensis,
120,e2a,17.9,0.758,Maharaj 1996,NA,NA,An. arabiensis,
121,e2a,23.2,0.765,Maharaj 1996,NA,NA,An. arabiensis,
122,e2a,26.1,0.775,Maharaj 1996,NA,NA,An. arabiensis,
123,e2a,21.4,0.858,Maharaj 1996,NA,NA,An. arabiensis,
124,e2a,27.33,0.8414,Olayemi and Ande 2009,NA,NA,An. gambiae,
125,e2a,26,0.91,Mahmood 1997,NA,NA,An. albimanus,
126,e2a,30,0.92,Grieco et al. 2003,NA,NA,An. albimanus,
127,e2a,14.16,0.01,Love and Whelchel 1957,NA,NA,An. quadrimaculatus,
128,e2a,22.5,0.42,Love and Whelchel 1957,NA,NA,An. quadrimaculatus,
129,e2a,30.83,0.55,Love and Whelchel 1957,NA,NA,An. Quadrimaculatus,
130,e2a,16,0,Paaijmans et al. 2013,NA,NA,An. stephensi,
131,e2a,16,0.22,Paaijmans et al. 2013,NA,NA,An. stephensi,
132,e2a,16,0.02,Paaijmans et al. 2013,NA,NA,An. stephensi,
133,e2a,16,0.02,Paaijmans et al. 2013,NA,NA,An. stephensi,
134,e2a,16,0,Paaijmans et al. 2013,NA,NA,An. stephensi,
135,e2a,16,0.06,Paaijmans et al. 2013,NA,NA,An. stephensi,
136,e2a,18,0.64,Paaijmans et al. 2013,NA,NA,An. stephensi,
137,e2a,18,0.38,Paaijmans et al. 2013,NA,NA,An. stephensi,
138,e2a,18,0.48,Paaijmans et al. 2013,NA,NA,An. stephensi,
139,e2a,18,0.6,Paaijmans et al. 2013,NA,NA,An. stephensi,
140,e2a,18,0.74,Paaijmans et al. 2013,NA,NA,An. stephensi,
141,e2a,18,0.64,Paaijmans et al. 2013,NA,NA,An. stephensi,
142,e2a,20,0.6,Paaijmans et al. 2013,NA,NA,An. stephensi,
143,e2a,20,0.58,Paaijmans et al. 2013,NA,NA,An. stephensi,
144,e2a,20,0.7,Paaijmans et al. 2013,NA,NA,An. stephensi,
145,e2a,20,0.68,Paaijmans et al. 2013,NA,NA,An. stephensi,
146,e2a,20,0.68,Paaijmans et al. 2013,NA,NA,An. stephensi,
147,e2a,20,0.8,Paaijmans et al. 2013,NA,NA,An. stephensi,
148,e2a,22,0.86,Paaijmans et al. 2013,NA,NA,An. stephensi,
149,e2a,22,0.7,Paaijmans et al. 2013,NA,NA,An. stephensi,
150,e2a,22,0.84,Paaijmans et al. 2013,NA,NA,An. stephensi,
151,e2a,22,0.86,Paaijmans et al. 2013,NA,NA,An. stephensi,
152,e2a,22,0.8,Paaijmans et al. 2013,NA,NA,An. stephensi,
153,e2a,22,0.76,Paaijmans et al. 2013,NA,NA,An. stephensi,
154,e2a,24,0.88,Paaijmans et al. 2013,NA,NA,An. stephensi,
155,e2a,24,0.74,Paaijmans et al. 2013,NA,NA,An. stephensi,
156,e2a,24,0.76,Paaijmans et al. 2013,NA,NA,An. stephensi,
157,e2a,24,0.84,Paaijmans et al. 2013,NA,NA,An. stephensi,
158,e2a,24,0.9,Paaijmans et al. 2013,NA,NA,An. stephensi,
159,e2a,24,0.8,Paaijmans et al. 2013,NA,NA,An. stephensi,
160,e2a,26,0.94,Paaijmans et al. 2013,NA,NA,An. stephensi,
161,e2a,26,0.76,Paaijmans et al. 2013,NA,NA,An. stephensi,
162,e2a,26,0.74,Paaijmans et al. 2013,NA,NA,An. stephensi,
163,e2a,26,0.84,Paaijmans et al. 2013,NA,NA,An. stephensi,
164,e2a,26,0.9,Paaijmans et al. 2013,NA,NA,An. stephensi,
165,e2a,26,0.96,Paaijmans et al. 2013,NA,NA,An. stephensi,
166,e2a,28,0.84,Paaijmans et al. 2013,NA,NA,An. stephensi,
167,e2a,28,0.9,Paaijmans et al. 2013,NA,NA,An. stephensi,
168,e2a,28,0.72,Paaijmans et al. 2013,NA,NA,An. stephensi,
169,e2a,28,0.82,Paaijmans et al. 2013,NA,NA,An. stephensi,
170,e2a,28,0.7,Paaijmans et al. 2013,NA,NA,An. stephensi,
171,e2a,28,0.94,Paaijmans et al. 2013,NA,NA,An. stephensi,
172,e2a,30,0.92,Paaijmans et al. 2013,NA,NA,An. stephensi,
173,e2a,30,0.78,Paaijmans et al. 2013,NA,NA,An. stephensi,
174,e2a,30,0.7,Paaijmans et al. 2013,NA,NA,An. stephensi,
175,e2a,30,0.76,Paaijmans et al. 2013,NA,NA,An. stephensi,
176,e2a,30,0.88,Paaijmans et al. 2013,NA,NA,An. stephensi,
177,e2a,30,0.8,Paaijmans et al. 2013,NA,NA,An. stephensi,
178,e2a,32,0.82,Paaijmans et al. 2013,NA,NA,An. stephensi,
179,e2a,32,0.82,Paaijmans et al. 2013,NA,NA,An. stephensi,
180,e2a,32,0.68,Paaijmans et al. 2013,NA,NA,An. stephensi,
181,e2a,32,0.78,Paaijmans et al. 2013,NA,NA,An. stephensi,
182,e2a,32,0.84,Paaijmans et al. 2013,NA,NA,An. stephensi,
183,e2a,32,0.92,Paaijmans et al. 2013,NA,NA,An. stephensi,
184,e2a,34,0.68,Paaijmans et al. 2013,NA,NA,An. stephensi,
185,e2a,34,0.78,Paaijmans et al. 2013,NA,NA,An. stephensi,
186,e2a,34,0.7,Paaijmans et al. 2013,NA,NA,An. stephensi,
187,e2a,34,0.6,Paaijmans et al. 2013,NA,NA,An. stephensi,
188,e2a,34,0.68,Paaijmans et al. 2013,NA,NA,An. stephensi,
189,e2a,34,0.78,Paaijmans et al. 2013,NA,NA,An. stephensi,
190,e2a,36,0,Paaijmans et al. 2013,NA,NA,An. stephensi,
191,e2a,36,0,Paaijmans et al. 2013,NA,NA,An. stephensi,
192,e2a,36,0,Paaijmans et al. 2013,NA,NA,An. stephensi,
193,e2a,36,0,Paaijmans et al. 2013,NA,NA,An. stephensi,
194,e2a,36,0,Paaijmans et al. 2013,NA,NA,An. stephensi,
195,e2a,36,0,Paaijmans et al. 2013,NA,NA,An. stephensi,
196,efd,23,43,Christiansen-Jucht 2015,NA,NA,An. gambiae,
197,efd,27,50,Christiansen-Jucht 2015,NA,NA,An. gambiae,
198,efd,31,25,Christiansen-Jucht 2015,NA,NA,An. gambiae,
199,efd,23,47,Christiansen-Jucht 2015,NA,NA,An. gambiae,
200,efd,27,47,Christiansen-Jucht 2015,NA,NA,An. gambiae,
201,efd,31,18,Christiansen-Jucht 2015,NA,NA,An. gambiae,
202,efd,23,47,Christiansen-Jucht 2015,NA,NA,An. gambiae,
203,efd,27,51,Christiansen-Jucht 2015,NA,NA,An. gambiae,
204,efd,31,10,Christiansen-Jucht 2015,NA,NA,An. gambiae,
205,efd,19.4,0.8,Afrane et al. 2007,NA,NA,An. arabiensis,
206,efd,21.2,1.1,Afrane et al. 2007,NA,NA,An. arabiensis,
207,efd,22.9,1,Afrane et al. 2007,NA,NA,An. arabiensis,
208,efd,23.4,4,Afrane et al. 2007,NA,NA,An. arabiensis,
209,efd,24.6,1.7,Afrane et al. 2007,NA,NA,An. arabiensis,
210,efd,25.5,6,Afrane et al. 2007,NA,NA,An. arabiensis,
211,efd,17.9,0,Maharaj 1996,NA,NA,An. arabiensis,
212,efd,21.4,2.95,Maharaj 1996,NA,NA,An. arabiensis,
213,efd,23.2,3.31494,Maharaj 1996,NA,NA,An. arabiensis,
214,efd,26.1,3.3291,Maharaj 1996,NA,NA,An. arabiensis,
215,efd,27.33,78.33,Olayemi and Ande 2009,NA,NA,An. gambiae,
216,efd,27.12,54.24,Mala et al. 2014,NA,NA,An. gambiae,
217,efd,28.22,70.65,Mala et al. 2015,NA,NA,An. gambiae,
218,efd,27.12,50.36,Mala et al. 2016,NA,NA,An. gambiae,
219,efd,28.22,69.02,Mala et al. 2017,NA,NA,An. gambiae,
220,a,15,0.078125,Lardeux et al 2008,NA,NA,An. Pseudopunctipennis,
221,a,20,0.15625,Lardeux et al 2008,NA,NA,An. Pseudopunctipennis,
222,a,23,0.196078431,Lardeux et al 2008,NA,NA,An. Pseudopunctipennis,
223,a,25,0.285714286,Lardeux et al 2008,NA,NA,An. Pseudopunctipennis,
224,a,27,0.303030303,Lardeux et al 2008,NA,NA,An. Pseudopunctipennis,
225,a,29,0.37037037,Lardeux et al 2008,NA,NA,An. Pseudopunctipennis,
226,a,31,0.476190476,Lardeux et al 2008,NA,NA,An. Pseudopunctipennis,
227,a,33,0.416666667,Lardeux et al 2008,NA,NA,An. Pseudopunctipennis,
228,a,35,0.434782609,Lardeux et al 2008,NA,NA,An. Pseudopunctipennis,
229,a,21,0.19379845,Shapiro et al. 2017,NA,NA,An. stephensi,
230,a,24,0.249376559,Shapiro et al. 2017,NA,NA,An. stephensi,
231,a,27,0.295857988,Shapiro et al. 2017,NA,NA,An. stephensi,
232,a,30,0.341296928,Shapiro et al. 2017,NA,NA,An. stephensi,
233,a,32,0.380228137,Shapiro et al. 2017,NA,NA,An. stephensi,
234,a,34,0.436681223,Shapiro et al. 2017,NA,NA,An. stephensi,
235,a,21,0.194931774,Shapiro et al. 2017,NA,NA,An. stephensi,
236,a,24,0.240963855,Shapiro et al. 2017,NA,NA,An. stephensi,
237,a,27,0.294985251,Shapiro et al. 2017,NA,NA,An. stephensi,
238,a,30,0.327868852,Shapiro et al. 2017,NA,NA,An. stephensi,
239,a,32,0.371747212,Shapiro et al. 2017,NA,NA,An. stephensi,
240,a,34,0.389105058,Shapiro et al. 2017,NA,NA,An. stephensi,
241,a,24,0.27027027,Poveda et al. 2008,NA,NA,An. albimanus,
242,a,27,0.32258065,Poveda et al. 2008,NA,NA,An. albimanus,
243,a,30,0.35714286,Poveda et al. 2008,NA,NA,An. albimanus,
244,a,21.4,0.163934,Maharaj 1996,NA,NA,An. Arabiensis,
245,a,23.2,0.192308,Maharaj 1996,NA,NA,An. Arabiensis,
246,a,26.1,0.25,Maharaj 1996,NA,NA,An. Arabiensis,
247,a,21.4,0.196078431,Maharaj 1996,NA,NA,An. Arabiensis,
248,a,23.2,0.285714286,Maharaj 1996,NA,NA,An. Arabiensis,
249,a,26.1,0.322580645,Maharaj 1996,NA,NA,An. Arabiensis,
250,a,21.4,0.222222222,Maharaj 1996,NA,NA,An. Arabiensis,
251,a,23.2,0.303030303,Maharaj 1996,NA,NA,An. Arabiensis,
252,a,26.1,0.333333333,Maharaj 1996,NA,NA,An. Arabiensis,
253,a,21.4,0.2,Maharaj 1996,NA,NA,An. Arabiensis,
254,a,23.2,0.25,Maharaj 1996,NA,NA,An. Arabiensis,
255,a,26.1,0.33333,Maharaj 1996,NA,NA,An. Arabiensis,
256,a,23.2,0.266667,Maharaj 1996,NA,NA,An. Arabiensis,
257,a,26.1,0.27027,Maharaj 1996,NA,NA,An. Arabiensis,
258,a,23.2,0.25,Maharaj 1996,NA,NA,An. Arabiensis,
259,a,26.1,0.25,Maharaj 1996,NA,NA,An. Arabiensis,
260,a,22,0.19230769,Paaijmans et al. 2013,NA,NA,An. stephensi,
261,a,24,0.2,Paaijmans et al. 2013,NA,NA,An. stephensi,
262,a,26,0.24390244,Paaijmans et al. 2013,NA,NA,An. stephensi,
263,a,22,0.2222222,Paaijmans et al. 2013,NA,NA,An. stephensi,
264,a,24,0.22727273,Paaijmans et al. 2013,NA,NA,An. stephensi,
265,a,26,0.27027027,Paaijmans et al. 2013,NA,NA,An. stephensi,
266,bc.succ,37.5,0,Stratman-Thomas 1940,18,bc.nobs,An. quadrimaculatus,P. vivax
267,bc.succ,32,0,Stratman-Thomas 1940,23,bc.nobs,An. quadrimaculatus,P. vivax
268,bc.succ,30,8,Stratman-Thomas 1940,11,bc.nobs,An. quadrimaculatus,P. vivax
269,bc.succ,28,32,Stratman-Thomas 1940,44,bc.nobs,An. quadrimaculatus,P. vivax
270,bc.succ,26,1,Stratman-Thomas 1940,1,bc.nobs,An. quadrimaculatus,P. vivax
271,bc.succ,23.5,54,Stratman-Thomas 1940,70,bc.nobs,An. quadrimaculatus,P. vivax
272,bc.succ,22.5,80,Stratman-Thomas 1940,90,bc.nobs,An. quadrimaculatus,P. vivax
273,bc.succ,16,9,Stratman-Thomas 1940,9,bc.nobs,An. quadrimaculatus,P. vivax
274,bc.succ,13,0,Stratman-Thomas 1940,9,bc.nobs,An. quadrimaculatus,P. vivax
275,bc.succ,5,0,Stratman-Thomas 1940,3,bc.nobs,An. quadrimaculatus,P. vivax
276,bc.succ,21,40,Shapiro et al. 2017,100,bc.nobs,An. stephensi,P. falciparum
277,bc.succ,24,51,Shapiro et al. 2017,100,bc.nobs,An. stephensi,P. falciparum
278,bc.succ,27,57,Shapiro et al. 2017,100,bc.nobs,An. stephensi,P. falciparum
279,bc.succ,30,43,Shapiro et al. 2017,100,bc.nobs,An. stephensi,P. falciparum
280,bc.succ,32,40,Shapiro et al. 2017,100,bc.nobs,An. stephensi,P. falciparum
281,bc.succ,34,34,Shapiro et al. 2017,100,bc.nobs,An. stephensi,P. falciparum
282,bc.succ,21,64,Shapiro et al. 2017,100,bc.nobs,An. stephensi,P. falciparum
283,bc.succ,24,70,Shapiro et al. 2017,100,bc.nobs,An. stephensi,P. falciparum
284,bc.succ,27,62,Shapiro et al. 2017,100,bc.nobs,An. stephensi,P. falciparum
285,bc.succ,30,45,Shapiro et al. 2017,100,bc.nobs,An. stephensi,P. falciparum
286,bc.succ,32,42,Shapiro et al. 2017,100,bc.nobs,An. stephensi,P. falciparum
287,bc.succ,34,40,Shapiro et al. 2017,100,bc.nobs,An. stephensi,P. falciparum
288,bc.succ,21,67,Barreaux et al. 2016,100,bc.nobs,An. gambiae,P. berghei
289,bc.succ,25,67,Barreaux et al. 2016,100,bc.nobs,An. gambiae,P. berghei
290,bc.succ,29,56,Barreaux et al. 2016,100,bc.nobs,An. gambiae,P. berghei
291,mdr,16,0,Bayoh and Lindsay 2003,NA,NA,An. gambiae,
292,mdr,18,0.042918455,Bayoh and Lindsay 2003,NA,NA,An. gambiae,
293,mdr,20,0.049019608,Bayoh and Lindsay 2003,NA,NA,An. gambiae,
294,mdr,22,0.057142857,Bayoh and Lindsay 2003,NA,NA,An. gambiae,
295,mdr,24,0.074074074,Bayoh and Lindsay 2003,NA,NA,An. gambiae,
296,mdr,26,0.086956522,Bayoh and Lindsay 2003,NA,NA,An. gambiae,
297,mdr,28,0.102040816,Bayoh and Lindsay 2003,NA,NA,An. gambiae,
298,mdr,30,0.1,Bayoh and Lindsay 2003,NA,NA,An. gambiae,
299,mdr,32,0.098039216,Bayoh and Lindsay 2003,NA,NA,An. gambiae,
300,mdr,34,0,Bayoh and Lindsay 2003,NA,NA,An. gambiae,
301,mdr,23,0.09157509,Christiansen-Jucht 2015,NA,NA,An. gambiae,
302,mdr,27,0.09009009,Christiansen-Jucht 2015,NA,NA,An. gambiae,
303,mdr,31,0.08097166,Christiansen-Jucht 2015,NA,NA,An. gambiae,
304,mdr,35,0,Christiansen-Jucht 2015,NA,NA,An. gambiae,
305,mdr,15,0,Lyons et al. 2013,NA,NA,An. arabiensis,
306,mdr,18,0.032258065,Lyons et al. 2013,NA,NA,An. arabiensis,
307,mdr,20,0.042735043,Lyons et al. 2013,NA,NA,An. arabiensis,
308,mdr,22,0.085470085,Lyons et al. 2013,NA,NA,An. arabiensis,
309,mdr,25,0.085470085,Lyons et al. 2013,NA,NA,An. arabiensis,
310,mdr,28,0.113636364,Lyons et al. 2013,NA,NA,An. arabiensis,
311,mdr,30,0.10989011,Lyons et al. 2013,NA,NA,An. arabiensis,
312,mdr,32,0.012987013,Lyons et al. 2013,NA,NA,An. arabiensis,
313,mdr,35,0,Lyons et al. 2013,NA,NA,An. arabiensis,
314,mdr,15,0,Lyons et al. 2013,NA,NA,An. funestus,
315,mdr,18,0.028409091,Lyons et al. 2013,NA,NA,An. funestus,
316,mdr,20,0.037174721,Lyons et al. 2013,NA,NA,An. funestus,
317,mdr,22,0.054054054,Lyons et al. 2013,NA,NA,An. funestus,
318,mdr,25,0.069444444,Lyons et al. 2013,NA,NA,An. funestus,
319,mdr,28,0.078125,Lyons et al. 2013,NA,NA,An. funestus,
320,mdr,30,0.079365079,Lyons et al. 2013,NA,NA,An. funestus,
321,mdr,32,0.08,Lyons et al. 2013,NA,NA,An. funestus,
322,mdr,35,0,Lyons et al. 2013,NA,NA,An. funestus,
323,mdr,25,0.084033613,Kirby and Lindsay 2009,NA,NA,An. gambiae,
324,mdr,30,0.104166667,Kirby and Lindsay 2009,NA,NA,An. gambiae,
325,mdr,35,0.112359551,Kirby and Lindsay 2009,NA,NA,An. gambiae,
326,mdr,25,0.079365079,Kirby and Lindsay 2009,NA,NA,An. arabiensis,
327,mdr,30,0.095238095,Kirby and Lindsay 2009,NA,NA,An. arabiensis,
328,mdr,35,0.106951872,Kirby and Lindsay 2009,NA,NA,An. arabiensis,
329,mdr,24,0.06369427,Poveda et al. 2008,NA,NA,An. albimanus,
330,mdr,25.5,0.06711409,Poveda et al. 2008,NA,NA,An. albimanus,
331,mdr,27,0.08547009,Poveda et al. 2008,NA,NA,An. albimanus,
332,mdr,30,0.0990099,Poveda et al. 2008,NA,NA,An. albimanus,
333,mdr,33,0.10416667,Poveda et al. 2008,NA,NA,An. albimanus,
334,mdr,27.33,0.09057971,Olayemi and Ande 2009,NA,NA,An. gambiae,
335,mdr,18.5,0.048192771,Afrane et al. 2007,NA,NA,An. arabiensis,
336,mdr,19.8,0.047732697,Afrane et al. 2007,NA,NA,An. arabiensis,
337,mdr,24.6,0.081967213,Afrane et al. 2007,NA,NA,An. arabiensis,
338,mdr,24.9,0.088888889,Afrane et al. 2007,NA,NA,An. arabiensis,
339,mdr,27.5,0.093023256,Afrane et al. 2007,NA,NA,An. arabiensis,
340,mdr,26,0.125,Mahmood 1997,NA,NA,An. albimanus,
341,mdr,14.16,0.0166667,Love and Whelchel 1957,NA,NA,An. quadrimaculatus,
342,mdr,22.5,0.055556,Love and Whelchel 1957,NA,NA,An. quadrimaculatus,
343,mdr,30.8333,0.090909,Love and Whelchel 1957,NA,NA,An. quadrimaculatus,
344,mdr,16,0.031792,Paaijmans et al. 2013,NA,NA,An. stephensi,
345,mdr,16,0.030303,Paaijmans et al. 2013,NA,NA,An. stephensi,
346,mdr,16,0.028571,Paaijmans et al. 2013,NA,NA,An. stephensi,
347,mdr,16,0.030928,Paaijmans et al. 2013,NA,NA,An. stephensi,
348,mdr,18,0.045007032,Paaijmans et al. 2013,NA,NA,An. stephensi,
349,mdr,18,0.042792793,Paaijmans et al. 2013,NA,NA,An. stephensi,
350,mdr,18,0.042780749,Paaijmans et al. 2013,NA,NA,An. stephensi,
351,mdr,18,0.044182622,Paaijmans et al. 2013,NA,NA,An. stephensi,
352,mdr,18,0.04625,Paaijmans et al. 2013,NA,NA,An. stephensi,
353,mdr,18,0.044382802,Paaijmans et al. 2013,NA,NA,An. stephensi,
354,mdr,20,0.060606061,Paaijmans et al. 2013,NA,NA,An. stephensi,
355,mdr,20,0.061181435,Paaijmans et al. 2013,NA,NA,An. stephensi,
356,mdr,20,0.05952381,Paaijmans et al. 2013,NA,NA,An. stephensi,
357,mdr,20,0.059440559,Paaijmans et al. 2013,NA,NA,An. stephensi,
358,mdr,20,0.060283688,Paaijmans et al. 2013,NA,NA,An. stephensi,
359,mdr,20,0.060514372,Paaijmans et al. 2013,NA,NA,An. stephensi,
360,mdr,22,0.077199282,Paaijmans et al. 2013,NA,NA,An. stephensi,
361,mdr,22,0.075268817,Paaijmans et al. 2013,NA,NA,An. stephensi,
362,mdr,22,0.075134168,Paaijmans et al. 2013,NA,NA,An. stephensi,
363,mdr,22,0.076106195,Paaijmans et al. 2013,NA,NA,An. stephensi,
364,mdr,22,0.076045627,Paaijmans et al. 2013,NA,NA,An. stephensi,
365,mdr,22,0.073929961,Paaijmans et al. 2013,NA,NA,An. stephensi,
366,mdr,24,0.092631579,Paaijmans et al. 2013,NA,NA,An. stephensi,
367,mdr,24,0.089805825,Paaijmans et al. 2013,NA,NA,An. stephensi,
368,mdr,24,0.090047393,Paaijmans et al. 2013,NA,NA,An. stephensi,
369,mdr,24,0.090712743,Paaijmans et al. 2013,NA,NA,An. stephensi,
370,mdr,24,0.092213115,Paaijmans et al. 2013,NA,NA,An. stephensi,
371,mdr,24,0.09009009,Paaijmans et al. 2013,NA,NA,An. stephensi,
372,mdr,26,0.104910714,Paaijmans et al. 2013,NA,NA,An. stephensi,
373,mdr,26,0.100795756,Paaijmans et al. 2013,NA,NA,An. stephensi,
374,mdr,26,0.101928375,Paaijmans et al. 2013,NA,NA,An. stephensi,
375,mdr,26,0.103448276,Paaijmans et al. 2013,NA,NA,An. stephensi,
376,mdr,26,0.105882353,Paaijmans et al. 2013,NA,NA,An. stephensi,
377,mdr,26,0.103225806,Paaijmans et al. 2013,NA,NA,An. stephensi,
378,mdr,28,0.118644068,Paaijmans et al. 2013,NA,NA,An. stephensi,
379,mdr,28,0.1171875,Paaijmans et al. 2013,NA,NA,An. stephensi,
380,mdr,28,0.115384615,Paaijmans et al. 2013,NA,NA,An. stephensi,
381,mdr,28,0.11884058,Paaijmans et al. 2013,NA,NA,An. stephensi,
382,mdr,28,0.117845118,Paaijmans et al. 2013,NA,NA,An. stephensi,
383,mdr,28,0.119897959,Paaijmans et al. 2013,NA,NA,An. stephensi,
384,mdr,30,0.121693122,Paaijmans et al. 2013,NA,NA,An. stephensi,
385,mdr,30,0.125401929,Paaijmans et al. 2013,NA,NA,An. stephensi,
386,mdr,30,0.119863014,Paaijmans et al. 2013,NA,NA,An. stephensi,
387,mdr,30,0.122977346,Paaijmans et al. 2013,NA,NA,An. stephensi,
388,mdr,30,0.122905028,Paaijmans et al. 2013,NA,NA,An. stephensi,
389,mdr,30,0.121580547,Paaijmans et al. 2013,NA,NA,An. stephensi,
390,mdr,32,0.127725857,Paaijmans et al. 2013,NA,NA,An. stephensi,
391,mdr,32,0.126153846,Paaijmans et al. 2013,NA,NA,An. stephensi,
392,mdr,32,0.128301887,Paaijmans et al. 2013,NA,NA,An. stephensi,
393,mdr,32,0.125,Paaijmans et al. 2013,NA,NA,An. stephensi,
394,mdr,32,0.128834356,Paaijmans et al. 2013,NA,NA,An. stephensi,
395,mdr,32,0.128133705,Paaijmans et al. 2013,NA,NA,An. stephensi,
396,mdr,34,0.127819549,Paaijmans et al. 2013,NA,NA,An. stephensi,
397,mdr,34,0.126623377,Paaijmans et al. 2013,NA,NA,An. stephensi,
398,mdr,34,0.12455516,Paaijmans et al. 2013,NA,NA,An. stephensi,
399,mdr,34,0.12195122,Paaijmans et al. 2013,NA,NA,An. stephensi,
400,mdr,34,0.123636364,Paaijmans et al. 2013,NA,NA,An. stephensi,
401,mdr,34,0.13,Paaijmans et al. 2013,NA,NA,An. stephensi,
402,mu,5,0.402513788,Bayoh 2001,NA,NA,An. gambiae,
403,mu,10,0.203780416,Bayoh 2001,NA,NA,An. gambiae,
404,mu,15,0.09288211,Bayoh 2001,NA,NA,An. gambiae,
405,mu,20,0.083632301,Bayoh 2001,NA,NA,An. gambiae,
406,mu,25,0.09288211,Bayoh 2001,NA,NA,An. gambiae,
407,mu,30,0.142401426,Bayoh 2001,NA,NA,An. gambiae,
408,mu,35,0.243765035,Bayoh 2001,NA,NA,An. gambiae,
409,mu,40,0.39152985,Bayoh 2001,NA,NA,An. gambiae,
410,mu,21,0.109,Shapiro et al. 2017,NA,NA,An. stephensi,
411,mu,24,0.113,Shapiro et al. 2017,NA,NA,An. stephensi,
412,mu,27,0.126,Shapiro et al. 2017,NA,NA,An. stephensi,
413,mu,30,0.15,Shapiro et al. 2017,NA,NA,An. stephensi,
414,mu,32,0.171,Shapiro et al. 2017,NA,NA,An. stephensi,
415,mu,34,0.197,Shapiro et al. 2017,NA,NA,An. stephensi,
416,mu,16,0.0523,Kerri 2019,NA,NA,An. stephensi,
417,mu,20,0.0641,Kerri 2019,NA,NA,An. stephensi,
418,mu,24,0.0617,Kerri 2019,NA,NA,An. stephensi,
419,mu,28,0.0833,Kerri 2019,NA,NA,An. stephensi,
420,mu,32,0.1417,Kerri 2019,NA,NA,An. stephensi,
421,mu,36,0.2419,Kerri 2019,NA,NA,An. stephensi,
422,mu,16,0.0719,Kerri 2019,NA,NA,An. stephensi,
423,mu,20,0.0628,Kerri 2019,NA,NA,An. stephensi,
424,mu,24,0.0654,Kerri 2019,NA,NA,An. stephensi,
425,mu,28,0.085,Kerri 2019,NA,NA,An. stephensi,
426,mu,32,0.1241,Kerri 2019,NA,NA,An. stephensi,
427,mu,36,0.2698,Kerri 2019,NA,NA,An. stephensi,
428,mu,28,0.0864,Kerri 2019,NA,NA,An. stephensi,
429,efd,16,6.340277778,Murdock et al. 2019,NA,NA,An. stephensi,
430,efd,16,0,Murdock et al. 2019,NA,NA,An. stephensi,
431,efd,16,2.807692308,Murdock et al. 2019,NA,NA,An. stephensi,
432,efd,16,11.07215007,Murdock et al. 2019,NA,NA,An. stephensi,
433,efd,16,17.10294118,Murdock et al. 2019,NA,NA,An. stephensi,
434,efd,16,6.055555556,Murdock et al. 2019,NA,NA,An. stephensi,
435,efd,16,7.211111111,Murdock et al. 2019,NA,NA,An. stephensi,
436,efd,16,7.664215688,Murdock et al. 2019,NA,NA,An. stephensi,
437,efd,16,0,Murdock et al. 2019,NA,NA,An. stephensi,
438,efd,16,0.363636364,Murdock et al. 2019,NA,NA,An. stephensi,
439,efd,16,3.550724638,Murdock et al. 2019,NA,NA,An. stephensi,
440,efd,16,10.80357143,Murdock et al. 2019,NA,NA,An. stephensi,
441,efd,16,0,Murdock et al. 2019,NA,NA,An. stephensi,
442,efd,16,9.726010101,Murdock et al. 2019,NA,NA,An. stephensi,
443,efd,16,15.55555556,Murdock et al. 2019,NA,NA,An. stephensi,
444,efd,16,11.17916667,Murdock et al. 2019,NA,NA,An. stephensi,
445,efd,16,0,Murdock et al. 2019,NA,NA,An. stephensi,
446,efd,16,4.357463524,Murdock et al. 2019,NA,NA,An. stephensi,
447,efd,16,7.308333334,Murdock et al. 2019,NA,NA,An. stephensi,
448,efd,16,12.62222222,Murdock et al. 2019,NA,NA,An. stephensi,
449,efd,16,0.375168691,Murdock et al. 2019,NA,NA,An. stephensi,
450,efd,16,7.927192982,Murdock et al. 2019,NA,NA,An. stephensi,
451,efd,16,13.69444445,Murdock et al. 2019,NA,NA,An. stephensi,
452,efd,16,10.58918651,Murdock et al. 2019,NA,NA,An. stephensi,
453,efd,16,0,Murdock et al. 2019,NA,NA,An. stephensi,
454,efd,16,0,Murdock et al. 2019,NA,NA,An. stephensi,
455,efd,16,0.875,Murdock et al. 2019,NA,NA,An. stephensi,
456,efd,16,0,Murdock et al. 2019,NA,NA,An. stephensi,
457,efd,16,11.30952381,Murdock et al. 2019,NA,NA,An. stephensi,
458,efd,16,6.724867724,Murdock et al. 2019,NA,NA,An. stephensi,
459,efd,16,3,Murdock et al. 2019,NA,NA,An. stephensi,
460,efd,16,5.133333334,Murdock et al. 2019,NA,NA,An. stephensi,
461,efd,16,0,Murdock et al. 2019,NA,NA,An. stephensi,
462,efd,16,0,Murdock et al. 2019,NA,NA,An. stephensi,
463,efd,16,9.290640396,Murdock et al. 2019,NA,NA,An. stephensi,
464,efd,16,6.266666667,Murdock et al. 2019,NA,NA,An. stephensi,
465,efd,16,9.444444444,Murdock et al. 2019,NA,NA,An. stephensi,
466,efd,16,5.023809524,Murdock et al. 2019,NA,NA,An. stephensi,
467,efd,16,7,Murdock et al. 2019,NA,NA,An. stephensi,
468,efd,16,1.029411765,Murdock et al. 2019,NA,NA,An. stephensi,
469,efd,16,0,Murdock et al. 2019,NA,NA,An. stephensi,
470,efd,16,0,Murdock et al. 2019,NA,NA,An. stephensi,
471,efd,16,0,Murdock et al. 2019,NA,NA,An. stephensi,
472,efd,16,0,Murdock et al. 2019,NA,NA,An. stephensi,
473,efd,16,6.631944445,Murdock et al. 2019,NA,NA,An. stephensi,
474,efd,16,10.67676768,Murdock et al. 2019,NA,NA,An. stephensi,
475,efd,16,7.964285715,Murdock et al. 2019,NA,NA,An. stephensi,
476,efd,16,1.75,Murdock et al. 2019,NA,NA,An. stephensi,
477,efd,16,8.900641026,Murdock et al. 2019,NA,NA,An. stephensi,
478,efd,16,3.125,Murdock et al. 2019,NA,NA,An. stephensi,
479,efd,16,7.34047619,Murdock et al. 2019,NA,NA,An. stephensi,
480,efd,16,0,Murdock et al. 2019,NA,NA,An. stephensi,
481,efd,16,6.448717949,Murdock et al. 2019,NA,NA,An. stephensi,
482,efd,16,0,Murdock et al. 2019,NA,NA,An. stephensi,
483,efd,16,6.809027778,Murdock et al. 2019,NA,NA,An. stephensi,
484,efd,16,0.75,Murdock et al. 2019,NA,NA,An. stephensi,
485,efd,16,6.355145928,Murdock et al. 2019,NA,NA,An. stephensi,
486,efd,16,3.086956522,Murdock et al. 2019,NA,NA,An. stephensi,
487,efd,16,7.353846154,Murdock et al. 2019,NA,NA,An. stephensi,
488,efd,16,0,Murdock et al. 2019,NA,NA,An. stephensi,
489,efd,20,17.25662879,Murdock et al. 2019,NA,NA,An. stephensi,
490,efd,20,12.00108225,Murdock et al. 2019,NA,NA,An. stephensi,
491,efd,20,3.805813954,Murdock et al. 2019,NA,NA,An. stephensi,
492,efd,20,0,Murdock et al. 2019,NA,NA,An. stephensi,
493,efd,20,10.85714286,Murdock et al. 2019,NA,NA,An. stephensi,
494,efd,20,9.5,Murdock et al. 2019,NA,NA,An. stephensi,
495,efd,20,5.225735294,Murdock et al. 2019,NA,NA,An. stephensi,
496,efd,20,11.19711539,Murdock et al. 2019,NA,NA,An. stephensi,
497,efd,20,12.86666667,Murdock et al. 2019,NA,NA,An. stephensi,
498,efd,20,9.269675926,Murdock et al. 2019,NA,NA,An. stephensi,
499,efd,20,9.565217391,Murdock et al. 2019,NA,NA,An. stephensi,
500,efd,20,0,Murdock et al. 2019,NA,NA,An. stephensi,
501,efd,20,2.066666667,Murdock et al. 2019,NA,NA,An. stephensi,
502,efd,20,13.16071429,Murdock et al. 2019,NA,NA,An. stephensi,
503,efd,20,0,Murdock et al. 2019,NA,NA,An. stephensi,
504,efd,20,3.732952434,Murdock et al. 2019,NA,NA,An. stephensi,
505,efd,20,0,Murdock et al. 2019,NA,NA,An. stephensi,
506,efd,20,2.777777778,Murdock et al. 2019,NA,NA,An. stephensi,
507,efd,20,0,Murdock et al. 2019,NA,NA,An. stephensi,
508,efd,20,9.167953666,Murdock et al. 2019,NA,NA,An. stephensi,
509,efd,20,10.05685936,Murdock et al. 2019,NA,NA,An. stephensi,
510,efd,20,0,Murdock et al. 2019,NA,NA,An. stephensi,
511,efd,20,0,Murdock et al. 2019,NA,NA,An. stephensi,
512,efd,20,7.528846154,Murdock et al. 2019,NA,NA,An. stephensi,
513,efd,20,6.124637684,Murdock et al. 2019,NA,NA,An. stephensi,
514,efd,20,4.444444445,Murdock et al. 2019,NA,NA,An. stephensi,
515,efd,20,25.70653908,Murdock et al. 2019,NA,NA,An. stephensi,
516,efd,20,5.244817927,Murdock et al. 2019,NA,NA,An. stephensi,
517,efd,20,0,Murdock et al. 2019,NA,NA,An. stephensi,
518,efd,20,12.8563447,Murdock et al. 2019,NA,NA,An. stephensi,
519,efd,20,7.383091788,Murdock et al. 2019,NA,NA,An. stephensi,
520,efd,20,8.59077381,Murdock et al. 2019,NA,NA,An. stephensi,
521,efd,20,0,Murdock et al. 2019,NA,NA,An. stephensi,
522,efd,20,5.551587302,Murdock et al. 2019,NA,NA,An. stephensi,
523,efd,20,11.6468254,Murdock et al. 2019,NA,NA,An. stephensi,
524,efd,20,0,Murdock et al. 2019,NA,NA,An. stephensi,
525,efd,20,20.08333334,Murdock et al. 2019,NA,NA,An. stephensi,
526,efd,20,8.727272727,Murdock et al. 2019,NA,NA,An. stephensi,
527,efd,20,10.21354167,Murdock et al. 2019,NA,NA,An. stephensi,
528,efd,20,2.032258065,Murdock et al. 2019,NA,NA,An. stephensi,
529,efd,20,0,Murdock et al. 2019,NA,NA,An. stephensi,
530,efd,20,0,Murdock et al. 2019,NA,NA,An. stephensi,
531,efd,20,15.14298246,Murdock et al. 2019,NA,NA,An. stephensi,
532,efd,20,0,Murdock et al. 2019,NA,NA,An. stephensi,
533,efd,20,8.961290323,Murdock et al. 2019,NA,NA,An. stephensi,
534,efd,20,11.56778712,Murdock et al. 2019,NA,NA,An. stephensi,
535,efd,20,11.69722222,Murdock et al. 2019,NA,NA,An. stephensi,
536,efd,20,10.88888889,Murdock et al. 2019,NA,NA,An. stephensi,
537,efd,20,12.26666667,Murdock et al. 2019,NA,NA,An. stephensi,
538,efd,20,3.272727273,Murdock et al. 2019,NA,NA,An. stephensi,
539,efd,20,16.2253663,Murdock et al. 2019,NA,NA,An. stephensi,
540,efd,20,6.291723336,Murdock et al. 2019,NA,NA,An. stephensi,
541,efd,20,5.896165414,Murdock et al. 2019,NA,NA,An. stephensi,
542,efd,20,5.649979649,Murdock et al. 2019,NA,NA,An. stephensi,
543,efd,20,13.25,Murdock et al. 2019,NA,NA,An. stephensi,
544,efd,20,2.055555556,Murdock et al. 2019,NA,NA,An. stephensi,
545,efd,20,12.6090703,Murdock et al. 2019,NA,NA,An. stephensi,
546,efd,20,16.59973545,Murdock et al. 2019,NA,NA,An. stephensi,
547,efd,20,13.77525253,Murdock et al. 2019,NA,NA,An. stephensi,
548,efd,20,10.55,Murdock et al. 2019,NA,NA,An. stephensi,
549,efd,24,11.93181818,Murdock et al. 2019,NA,NA,An. stephensi,
550,efd,24,8.2,Murdock et al. 2019,NA,NA,An. stephensi,
551,efd,24,0,Murdock et al. 2019,NA,NA,An. stephensi,
552,efd,24,8.363636364,Murdock et al. 2019,NA,NA,An. stephensi,
553,efd,24,18.38333333,Murdock et al. 2019,NA,NA,An. stephensi,
554,efd,24,0,Murdock et al. 2019,NA,NA,An. stephensi,
555,efd,24,34.63690476,Murdock et al. 2019,NA,NA,An. stephensi,
556,efd,24,14.32291667,Murdock et al. 2019,NA,NA,An. stephensi,
557,efd,24,27.42361111,Murdock et al. 2019,NA,NA,An. stephensi,
558,efd,24,31.08901515,Murdock et al. 2019,NA,NA,An. stephensi,
559,efd,24,22.86581633,Murdock et al. 2019,NA,NA,An. stephensi,
560,efd,24,21.34439776,Murdock et al. 2019,NA,NA,An. stephensi,
561,efd,24,0,Murdock et al. 2019,NA,NA,An. stephensi,
562,efd,24,0.4,Murdock et al. 2019,NA,NA,An. stephensi,
563,efd,24,1,Murdock et al. 2019,NA,NA,An. stephensi,
564,efd,24,20.11448413,Murdock et al. 2019,NA,NA,An. stephensi,
565,efd,24,4.473389356,Murdock et al. 2019,NA,NA,An. stephensi,
566,efd,24,20.85470086,Murdock et al. 2019,NA,NA,An. stephensi,
567,efd,24,22.87313725,Murdock et al. 2019,NA,NA,An. stephensi,
568,efd,24,11.38630952,Murdock et al. 2019,NA,NA,An. stephensi,
569,efd,24,33.47916667,Murdock et al. 2019,NA,NA,An. stephensi,
570,efd,24,16.9750817,Murdock et al. 2019,NA,NA,An. stephensi,
571,efd,24,19.60119048,Murdock et al. 2019,NA,NA,An. stephensi,
572,efd,24,0,Murdock et al. 2019,NA,NA,An. stephensi,
573,efd,24,9.58125,Murdock et al. 2019,NA,NA,An. stephensi,
574,efd,24,28.51813591,Murdock et al. 2019,NA,NA,An. stephensi,
575,efd,24,24.97261905,Murdock et al. 2019,NA,NA,An. stephensi,
576,efd,24,13.89473684,Murdock et al. 2019,NA,NA,An. stephensi,
577,efd,24,15.83042328,Murdock et al. 2019,NA,NA,An. stephensi,
578,efd,24,13.12946429,Murdock et al. 2019,NA,NA,An. stephensi,
579,efd,24,19.72222222,Murdock et al. 2019,NA,NA,An. stephensi,
580,efd,24,6.910526316,Murdock et al. 2019,NA,NA,An. stephensi,
581,efd,24,8.230769231,Murdock et al. 2019,NA,NA,An. stephensi,
582,efd,24,11.01,Murdock et al. 2019,NA,NA,An. stephensi,
583,efd,24,15.48141145,Murdock et al. 2019,NA,NA,An. stephensi,
584,efd,24,0,Murdock et al. 2019,NA,NA,An. stephensi,
585,efd,24,14.67001425,Murdock et al. 2019,NA,NA,An. stephensi,
586,efd,24,13.35714286,Murdock et al. 2019,NA,NA,An. stephensi,
587,efd,24,15.15789474,Murdock et al. 2019,NA,NA,An. stephensi,
588,efd,24,8.615384616,Murdock et al. 2019,NA,NA,An. stephensi,
589,efd,24,1.583333333,Murdock et al. 2019,NA,NA,An. stephensi,
590,efd,24,0,Murdock et al. 2019,NA,NA,An. stephensi,
591,efd,24,8.628205128,Murdock et al. 2019,NA,NA,An. stephensi,
592,efd,24,12.88598291,Murdock et al. 2019,NA,NA,An. stephensi,
593,efd,24,10.93333333,Murdock et al. 2019,NA,NA,An. stephensi,
594,efd,24,18.08181818,Murdock et al. 2019,NA,NA,An. stephensi,
595,efd,24,0,Murdock et al. 2019,NA,NA,An. stephensi,
596,efd,24,3.47826087,Murdock et al. 2019,NA,NA,An. stephensi,
597,efd,24,13.65,Murdock et al. 2019,NA,NA,An. stephensi,
598,efd,24,20.43454545,Murdock et al. 2019,NA,NA,An. stephensi,
599,efd,24,0,Murdock et al. 2019,NA,NA,An. stephensi,
600,efd,24,13.68590187,Murdock et al. 2019,NA,NA,An. stephensi,
601,efd,24,7.490692641,Murdock et al. 2019,NA,NA,An. stephensi,
602,efd,24,11.9989899,Murdock et al. 2019,NA,NA,An. stephensi,
603,efd,24,9.240740741,Murdock et al. 2019,NA,NA,An. stephensi,
604,efd,24,9.738095237,Murdock et al. 2019,NA,NA,An. stephensi,
605,efd,24,10.26587302,Murdock et al. 2019,NA,NA,An. stephensi,
606,efd,24,13.77017046,Murdock et al. 2019,NA,NA,An. stephensi,
607,efd,24,23.03642857,Murdock et al. 2019,NA,NA,An. stephensi,
608,efd,24,12.22268398,Murdock et al. 2019,NA,NA,An. stephensi,
609,efd,28,10.9631579,Murdock et al. 2019,NA,NA,An. stephensi,
610,efd,28,15.04444444,Murdock et al. 2019,NA,NA,An. stephensi,
611,efd,28,14.58888889,Murdock et al. 2019,NA,NA,An. stephensi,
612,efd,28,35.33333333,Murdock et al. 2019,NA,NA,An. stephensi,
613,efd,28,4.52173913,Murdock et al. 2019,NA,NA,An. stephensi,
614,efd,28,44.19047619,Murdock et al. 2019,NA,NA,An. stephensi,
615,efd,28,0,Murdock et al. 2019,NA,NA,An. stephensi,
616,efd,28,11.11111111,Murdock et al. 2019,NA,NA,An. stephensi,
617,efd,28,33.15047619,Murdock et al. 2019,NA,NA,An. stephensi,
618,efd,28,0,Murdock et al. 2019,NA,NA,An. stephensi,
619,efd,28,7,Murdock et al. 2019,NA,NA,An. stephensi,
620,efd,28,16.5,Murdock et al. 2019,NA,NA,An. stephensi,
621,efd,28,9.750873017,Murdock et al. 2019,NA,NA,An. stephensi,
622,efd,28,4.767643468,Murdock et al. 2019,NA,NA,An. stephensi,
623,efd,28,0,Murdock et al. 2019,NA,NA,An. stephensi,
624,efd,28,0,Murdock et al. 2019,NA,NA,An. stephensi,
625,efd,28,0,Murdock et al. 2019,NA,NA,An. stephensi,
626,efd,28,16.23958334,Murdock et al. 2019,NA,NA,An. stephensi,
627,efd,28,0,Murdock et al. 2019,NA,NA,An. stephensi,
628,efd,28,23.47222222,Murdock et al. 2019,NA,NA,An. stephensi,
629,efd,28,21.81865079,Murdock et al. 2019,NA,NA,An. stephensi,
630,efd,28,0,Murdock et al. 2019,NA,NA,An. stephensi,
631,efd,28,0,Murdock et al. 2019,NA,NA,An. stephensi,
632,efd,28,1.8,Murdock et al. 2019,NA,NA,An. stephensi,
633,efd,28,13.11190476,Murdock et al. 2019,NA,NA,An. stephensi,
634,efd,28,0,Murdock et al. 2019,NA,NA,An. stephensi,
635,efd,28,28.59047619,Murdock et al. 2019,NA,NA,An. stephensi,
636,efd,28,24.14262821,Murdock et al. 2019,NA,NA,An. stephensi,
637,efd,28,22.55252525,Murdock et al. 2019,NA,NA,An. stephensi,
638,efd,28,0,Murdock et al. 2019,NA,NA,An. stephensi,
639,efd,28,0,Murdock et al. 2019,NA,NA,An. stephensi,
640,efd,28,16.93492064,Murdock et al. 2019,NA,NA,An. stephensi,
641,efd,28,22.88333333,Murdock et al. 2019,NA,NA,An. stephensi,
642,efd,28,0,Murdock et al. 2019,NA,NA,An. stephensi,
643,efd,28,57.33333333,Murdock et al. 2019,NA,NA,An. stephensi,
644,efd,28,18.43888889,Murdock et al. 2019,NA,NA,An. stephensi,
645,efd,28,0,Murdock et al. 2019,NA,NA,An. stephensi,
646,efd,28,0,Murdock et al. 2019,NA,NA,An. stephensi,
647,efd,28,0,Murdock et al. 2019,NA,NA,An. stephensi,
648,efd,28,19.24603174,Murdock et al. 2019,NA,NA,An. stephensi,
649,efd,28,16.65714286,Murdock et al. 2019,NA,NA,An. stephensi,
650,efd,28,24.40727273,Murdock et al. 2019,NA,NA,An. stephensi,
651,efd,28,0,Murdock et al. 2019,NA,NA,An. stephensi,
652,efd,28,1.416666667,Murdock et al. 2019,NA,NA,An. stephensi,
653,efd,28,11.93690476,Murdock et al. 2019,NA,NA,An. stephensi,
654,efd,28,1.875,Murdock et al. 2019,NA,NA,An. stephensi,
655,efd,28,0,Murdock et al. 2019,NA,NA,An. stephensi,
656,efd,28,0,Murdock et al. 2019,NA,NA,An. stephensi,
657,efd,28,10.79166667,Murdock et al. 2019,NA,NA,An. stephensi,
658,efd,28,0,Murdock et al. 2019,NA,NA,An. stephensi,
659,efd,28,0,Murdock et al. 2019,NA,NA,An. stephensi,
660,efd,28,31,Murdock et al. 2019,NA,NA,An. stephensi,
661,efd,28,3.208333334,Murdock et al. 2019,NA,NA,An. stephensi,
662,efd,28,28.07275132,Murdock et al. 2019,NA,NA,An. stephensi,
663,efd,28,28.09027778,Murdock et al. 2019,NA,NA,An. stephensi,
664,efd,28,13.52282051,Murdock et al. 2019,NA,NA,An. stephensi,
665,efd,28,0,Murdock et al. 2019,NA,NA,An. stephensi,
666,efd,28,5.857142857,Murdock et al. 2019,NA,NA,An. stephensi,
667,efd,28,24.83333333,Murdock et al. 2019,NA,NA,An. stephensi,
668,efd,28,22.3,Murdock et al. 2019,NA,NA,An. stephensi,
669,efd,28,17.96666667,Murdock et al. 2019,NA,NA,An. stephensi,
670,efd,28,17.36111111,Murdock et al. 2019,NA,NA,An. stephensi,
671,efd,28,9.076923077,Murdock et al. 2019,NA,NA,An. stephensi,
672,efd,28,37.35416667,Murdock et al. 2019,NA,NA,An. stephensi,
673,efd,28,12.729198,Murdock et al. 2019,NA,NA,An. stephensi,
674,efd,28,0.5,Murdock et al. 2019,NA,NA,An. stephensi,
675,efd,28,15.75,Murdock et al. 2019,NA,NA,An. stephensi,
676,efd,28,17.85284271,Murdock et al. 2019,NA,NA,An. stephensi,
677,efd,28,35.06136364,Murdock et al. 2019,NA,NA,An. stephensi,
678,efd,28,1.483870968,Murdock et al. 2019,NA,NA,An. stephensi,
679,efd,28,25.93939394,Murdock et al. 2019,NA,NA,An. stephensi,
680,efd,28,0,Murdock et al. 2019,NA,NA,An. stephensi,
681,efd,28,27.575,Murdock et al. 2019,NA,NA,An. stephensi,
682,efd,28,33.54166667,Murdock et al. 2019,NA,NA,An. stephensi,
683,efd,28,20.12433863,Murdock et al. 2019,NA,NA,An. stephensi,
684,efd,28,11.90666667,Murdock et al. 2019,NA,NA,An. stephensi,
685,efd,28,18.86803351,Murdock et al. 2019,NA,NA,An. stephensi,
686,efd,28,19.93809524,Murdock et al. 2019,NA,NA,An. stephensi,
687,efd,28,0,Murdock et al. 2019,NA,NA,An. stephensi,
688,efd,28,15.71428571,Murdock et al. 2019,NA,NA,An. stephensi,
689,efd,28,29.45666667,Murdock et al. 2019,NA,NA,An. stephensi,
690,efd,28,0,Murdock et al. 2019,NA,NA,An. stephensi,
691,efd,28,0,Murdock et al. 2019,NA,NA,An. stephensi,
692,efd,28,17.62777778,Murdock et al. 2019,NA,NA,An. stephensi,
693,efd,28,1.513513514,Murdock et al. 2019,NA,NA,An. stephensi,
694,efd,28,21.80267857,Murdock et al. 2019,NA,NA,An. stephensi,
695,efd,28,0,Murdock et al. 2019,NA,NA,An. stephensi,
696,efd,28,22.72032828,Murdock et al. 2019,NA,NA,An. stephensi,
697,efd,28,42.70833333,Murdock et al. 2019,NA,NA,An. stephensi,
698,efd,28,8.85,Murdock et al. 2019,NA,NA,An. stephensi,
699,efd,32,0,Murdock et al. 2019,NA,NA,An. stephensi,
700,efd,32,33.06666667,Murdock et al. 2019,NA,NA,An. stephensi,
701,efd,32,24.26111111,Murdock et al. 2019,NA,NA,An. stephensi,
702,efd,32,0,Murdock et al. 2019,NA,NA,An. stephensi,
703,efd,32,33.42333333,Murdock et al. 2019,NA,NA,An. stephensi,
704,efd,32,3,Murdock et al. 2019,NA,NA,An. stephensi,
705,efd,32,0,Murdock et al. 2019,NA,NA,An. stephensi,
706,efd,32,0,Murdock et al. 2019,NA,NA,An. stephensi,
707,efd,32,15.38461539,Murdock et al. 2019,NA,NA,An. stephensi,
708,efd,32,1.833333333,Murdock et al. 2019,NA,NA,An. stephensi,
709,efd,32,15.89285715,Murdock et al. 2019,NA,NA,An. stephensi,
710,efd,32,0,Murdock et al. 2019,NA,NA,An. stephensi,
711,efd,32,0,Murdock et al. 2019,NA,NA,An. stephensi,
712,efd,32,7.230769231,Murdock et al. 2019,NA,NA,An. stephensi,
713,efd,32,33,Murdock et al. 2019,NA,NA,An. stephensi,
714,efd,32,17.3,Murdock et al. 2019,NA,NA,An. stephensi,
715,efd,32,21.71428571,Murdock et al. 2019,NA,NA,An. stephensi,
716,efd,32,40.5,Murdock et al. 2019,NA,NA,An. stephensi,
717,efd,32,34.68333333,Murdock et al. 2019,NA,NA,An. stephensi,
718,efd,32,35.24375,Murdock et al. 2019,NA,NA,An. stephensi,
719,efd,32,7.75,Murdock et al. 2019,NA,NA,An. stephensi,
720,efd,32,12.11111111,Murdock et al. 2019,NA,NA,An. stephensi,
721,efd,32,0,Murdock et al. 2019,NA,NA,An. stephensi,
722,efd,32,35.15,Murdock et al. 2019,NA,NA,An. stephensi,
723,efd,32,1.777777778,Murdock et al. 2019,NA,NA,An. stephensi,
724,efd,32,0,Murdock et al. 2019,NA,NA,An. stephensi,
725,efd,32,54,Murdock et al. 2019,NA,NA,An. stephensi,
726,efd,32,0,Murdock et al. 2019,NA,NA,An. stephensi,
727,efd,32,0,Murdock et al. 2019,NA,NA,An. stephensi,
728,efd,32,0,Murdock et al. 2019,NA,NA,An. stephensi,
729,efd,32,18.58888889,Murdock et al. 2019,NA,NA,An. stephensi,
730,efd,32,17.325,Murdock et al. 2019,NA,NA,An. stephensi,
731,efd,32,23.15,Murdock et al. 2019,NA,NA,An. stephensi,
732,efd,32,22.62916667,Murdock et al. 2019,NA,NA,An. stephensi,
733,efd,32,25.3,Murdock et al. 2019,NA,NA,An. stephensi,
734,efd,32,20.65,Murdock et al. 2019,NA,NA,An. stephensi,
735,efd,32,25.27777778,Murdock et al. 2019,NA,NA,An. stephensi,
736,efd,32,24.63333334,Murdock et al. 2019,NA,NA,An. stephensi,
737,efd,32,0,Murdock et al. 2019,NA,NA,An. stephensi,
738,efd,32,17.17333333,Murdock et al. 2019,NA,NA,An. stephensi,
739,efd,32,0,Murdock et al. 2019,NA,NA,An. stephensi,
740,efd,32,17.43333333,Murdock et al. 2019,NA,NA,An. stephensi,
741,efd,32,22.25,Murdock et al. 2019,NA,NA,An. stephensi,
742,efd,32,6.833333333,Murdock et al. 2019,NA,NA,An. stephensi,
743,efd,32,27.22083333,Murdock et al. 2019,NA,NA,An. stephensi,
744,efd,32,3.8,Murdock et al. 2019,NA,NA,An. stephensi,
745,efd,32,36.25555555,Murdock et al. 2019,NA,NA,An. stephensi,
746,efd,32,7.25,Murdock et al. 2019,NA,NA,An. stephensi,
747,efd,32,0,Murdock et al. 2019,NA,NA,An. stephensi,
748,efd,32,32.14444445,Murdock et al. 2019,NA,NA,An. stephensi,
749,efd,32,13.46666667,Murdock et al. 2019,NA,NA,An. stephensi,
750,efd,32,16.36875,Murdock et al. 2019,NA,NA,An. stephensi,
751,efd,32,12.73148148,Murdock et al. 2019,NA,NA,An. stephensi,
752,efd,32,24.33333334,Murdock et al. 2019,NA,NA,An. stephensi,
753,efd,32,28.703125,Murdock et al. 2019,NA,NA,An. stephensi,
754,efd,32,15.60333333,Murdock et al. 2019,NA,NA,An. stephensi,
755,efd,32,20.3952381,Murdock et al. 2019,NA,NA,An. stephensi,
756,efd,32,22.5,Murdock et al. 2019,NA,NA,An. stephensi,
757,efd,32,20.64107143,Murdock et al. 2019,NA,NA,An. stephensi,
758,efd,36,0,Murdock et al. 2019,NA,NA,An. stephensi,
759,efd,36,52.66666667,Murdock et al. 2019,NA,NA,An. stephensi,
760,efd,36,0,Murdock et al. 2019,NA,NA,An. stephensi,
761,efd,36,9.6,Murdock et al. 2019,NA,NA,An. stephensi,
762,efd,36,35.75,Murdock et al. 2019,NA,NA,An. stephensi,
763,efd,36,36.33333333,Murdock et al. 2019,NA,NA,An. stephensi,
764,efd,36,0,Murdock et al. 2019,NA,NA,An. stephensi,
765,efd,36,22.75,Murdock et al. 2019,NA,NA,An. stephensi,
766,efd,36,10,Murdock et al. 2019,NA,NA,An. stephensi,
767,efd,36,30.55555556,Murdock et al. 2019,NA,NA,An. stephensi,
768,efd,36,30.05,Murdock et al. 2019,NA,NA,An. stephensi,
769,efd,36,0,Murdock et al. 2019,NA,NA,An. stephensi,
770,efd,36,67,Murdock et al. 2019,NA,NA,An. stephensi,
771,efd,36,0,Murdock et al. 2019,NA,NA,An. stephensi,
772,efd,36,0,Murdock et al. 2019,NA,NA,An. stephensi,
773,efd,36,32,Murdock et al. 2019,NA,NA,An. stephensi,
774,efd,36,23,Murdock et al. 2019,NA,NA,An. stephensi,
775,efd,36,0,Murdock et al. 2019,NA,NA,An. stephensi,
776,efd,36,0,Murdock et al. 2019,NA,NA,An. stephensi,
777,efd,36,0,Murdock et al. 2019,NA,NA,An. stephensi,
778,efd,36,0,Murdock et al. 2019,NA,NA,An. stephensi,
779,efd,36,22.66666667,Murdock et al. 2019,NA,NA,An. stephensi,
780,efd,36,35.86666667,Murdock et al. 2019,NA,NA,An. stephensi,
781,efd,36,18.5,Murdock et al. 2019,NA,NA,An. stephensi,
782,efd,36,0,Murdock et al. 2019,NA,NA,An. stephensi,
783,efd,36,0,Murdock et al. 2019,NA,NA,An. stephensi,
784,efd,36,32,Murdock et al. 2019,NA,NA,An. stephensi,
785,efd,36,0,Murdock et al. 2019,NA,NA,An. stephensi,
786,efd,36,18,Murdock et al. 2019,NA,NA,An. stephensi,
787,efd,36,16.2,Murdock et al. 2019,NA,NA,An. stephensi,
788,efd,36,0,Murdock et al. 2019,NA,NA,An. stephensi,
789,efd,36,0,Murdock et al. 2019,NA,NA,An. stephensi,
790,efd,36,15.425,Murdock et al. 2019,NA,NA,An. stephensi,
791,efd,36,15.76666667,Murdock et al. 2019,NA,NA,An. stephensi,
792,efd,36,0,Murdock et al. 2019,NA,NA,An. stephensi,
793,efd,36,2.2,Murdock et al. 2019,NA,NA,An. stephensi,
794,efd,36,20.3,Murdock et al. 2019,NA,NA,An. stephensi,
795,efd,36,0,Murdock et al. 2019,NA,NA,An. stephensi,
796,efd,36,7.333333333,Murdock et al. 2019,NA,NA,An. stephensi,
797,efd,36,0,Murdock et al. 2019,NA,NA,An. stephensi,
798,efd,36,1.222222222,Murdock et al. 2019,NA,NA,An. stephensi,
799,efd,36,0,Murdock et al. 2019,NA,NA,An. stephensi,
800,efd,36,23.5,Murdock et al. 2019,NA,NA,An. stephensi,
801,efd,36,8.333333333,Murdock et al. 2019,NA,NA,An. stephensi,
802,efd,36,0,Murdock et al. 2019,NA,NA,An. stephensi,
803,efd,36,8.208333334,Murdock et al. 2019,NA,NA,An. stephensi,
804,efd,36,18.65555556,Murdock et al. 2019,NA,NA,An. stephensi,
805,efd,36,5.583333334,Murdock et al. 2019,NA,NA,An. stephensi,
806,efd,36,12,Murdock et al. 2019,NA,NA,An. stephensi,
807,efd,36,29.33333333,Murdock et al. 2019,NA,NA,An. stephensi,
808,efd,36,16.08333334,Murdock et al. 2019,NA,NA,An. stephensi,
809,efd,36,0,Murdock et al. 2019,NA,NA,An. stephensi,
810,efd,36,0,Murdock et al. 2019,NA,NA,An. stephensi,
811,efd,36,4.375,Murdock et al. 2019,NA,NA,An. stephensi,
812,efd,36,15.33333333,Murdock et al. 2019,NA,NA,An. stephensi,
813,efd,36,0,Murdock et al. 2019,NA,NA,An. stephensi,
814,efd,36,0,Murdock et al. 2019,NA,NA,An. stephensi,
815,efd,36,9.05,Murdock et al. 2019,NA,NA,An. stephensi,
816,efd,36,11.61904762,Murdock et al. 2019,NA,NA,An. stephensi,
817,efd,36,13.275,Murdock et al. 2019,NA,NA,An. stephensi,
818,efd,36,19.66666667,Murdock et al. 2019,NA,NA,An. stephensi,
